{"task": 0, "acc": 100.0, "avg_acc": 100.0, "forgetting": 0.0, "acc_per_task": [100.0], "bwt": 0.0, "fwt": 0.0}
{"task": 1, "acc": 100.0, "avg_acc": 100.0, "forgetting": 0.0, "acc_per_task": [100.0, 100.0], "bwt": 0.0, "fwt": 100.0}
{"task": 2, "acc": 98.83, "avg_acc": 99.61, "forgetting": 0.5, "acc_per_task": [99.0, 100.0, 97.5], "bwt": -0.33, "fwt": 99.67}
{"task": 3, "acc": 98.62, "avg_acc": 99.36, "forgetting": 0.333333, "acc_per_task": [99.0, 100.0, 97.0, 98.5], "bwt": -0.33, "fwt": 99.17}
{"task": 4, "acc": 97.1, "avg_acc": 98.91, "forgetting": 0.75, "acc_per_task": [99.0, 100.0, 95.5, 93.5, 97.5], "bwt": -0.5, "fwt": 98.3}
{"task": 5, "acc": 96.75, "avg_acc": 98.55, "forgetting": 0.9, "acc_per_task": [100.0, 100.0, 93.5, 98.0, 92.5, 96.5], "bwt": -0.63, "fwt": 97.8}
{"task": 6, "acc": 95.57, "avg_acc": 98.13, "forgetting": 1.833333, "acc_per_task": [100.0, 100.0, 90.5, 98.5, 93.5, 96.5, 90.0], "bwt": -0.98, "fwt": 97.43}
{"task": 7, "acc": 95.44, "avg_acc": 97.79, "forgetting": 2.071429, "acc_per_task": [99.0, 100.0, 88.0, 97.0, 95.5, 96.0, 89.5, 98.5], "bwt": -1.25, "fwt": 96.82}
{"task": 8, "acc": 91.94, "avg_acc": 97.14, "forgetting": 4.1875, "acc_per_task": [98.5, 100.0, 87.0, 91.5, 93.5, 95.5, 80.5, 98.5, 82.5], "bwt": -1.9, "fwt": 96.0}
{"task": 9, "acc": 93.2, "avg_acc": 96.75, "forgetting": 3.0, "acc_per_task": [98.5, 100.0, 88.0, 93.0, 93.0, 97.5, 82.5, 99.0, 86.5, 94.0], "bwt": -2.12, "fwt": 95.42}
{"task": 10, "acc": 91.45, "avg_acc": 96.27, "forgetting": 3.3, "acc_per_task": [99.5, 96.0, 85.0, 95.5, 89.0, 97.0, 79.0, 99.0, 88.0, 94.5, 83.5], "bwt": -2.34, "fwt": 94.85}
{"task": 11, "acc": 89.96, "avg_acc": 95.74, "forgetting": 4.318182, "acc_per_task": [98.0, 94.5, 89.0, 91.0, 89.5, 95.5, 76.0, 98.0, 87.0, 94.5, 82.0, 84.5], "bwt": -2.58, "fwt": 94.11}
{"task": 12, "acc": 87.96, "avg_acc": 95.14, "forgetting": 5.083333, "acc_per_task": [98.5, 94.5, 77.0, 94.5, 84.5, 96.5, 73.5, 98.0, 87.5, 96.5, 84.0, 82.0, 76.5], "bwt": -2.87, "fwt": 93.31}
{"task": 13, "acc": 87.86, "avg_acc": 94.62, "forgetting": 4.769231, "acc_per_task": [98.5, 96.0, 75.5, 95.0, 89.0, 97.5, 75.0, 97.5, 86.0, 95.0, 82.5, 81.0, 67.0, 94.5], "bwt": -3.06, "fwt": 92.46}
{"task": 14, "acc": 85.6, "avg_acc": 94.02, "forgetting": 5.785714, "acc_per_task": [98.5, 95.0, 78.5, 96.5, 88.5, 96.5, 74.5, 97.5, 85.0, 94.5, 83.0, 77.0, 63.5, 93.5, 62.0], "bwt": -3.33, "fwt": 91.77}
{"task": 15, "acc": 85.59, "avg_acc": 93.49, "forgetting": 5.8, "acc_per_task": [99.5, 94.5, 78.5, 95.0, 89.0, 93.0, 74.5, 97.0, 84.0, 94.5, 80.5, 78.5, 65.5, 93.0, 59.0, 93.5], "bwt": -3.55, "fwt": 90.93}
{"task": 16, "acc": 83.38, "avg_acc": 92.9, "forgetting": 6.90625, "acc_per_task": [98.0, 92.0, 77.0, 87.0, 87.5, 90.5, 75.0, 95.5, 81.5, 96.0, 76.5, 84.5, 68.5, 90.5, 55.5, 92.0, 70.0], "bwt": -3.88, "fwt": 90.14}
{"task": 17, "acc": 83.28, "avg_acc": 92.36, "forgetting": 7.0, "acc_per_task": [98.0, 92.5, 78.0, 85.0, 84.5, 90.5, 71.5, 96.0, 87.5, 97.0, 74.5, 85.0, 70.5, 91.5, 46.5, 92.0, 71.0, 87.5], "bwt": -4.16, "fwt": 89.35}
{"task": 18, "acc": 82.68, "avg_acc": 91.85, "forgetting": 7.416667, "acc_per_task": [98.0, 92.0, 75.0, 86.5, 87.0, 88.5, 73.0, 96.5, 87.5, 96.0, 74.0, 79.5, 59.5, 92.0, 46.5, 94.0, 70.5, 90.0, 85.0], "bwt": -4.44, "fwt": 88.64}
{"task": 19, "acc": 81.88, "avg_acc": 91.36, "forgetting": 7.789474, "acc_per_task": [95.5, 89.5, 75.0, 88.5, 85.5, 90.0, 73.5, 96.0, 83.5, 95.5, 76.0, 79.0, 63.0, 88.5, 46.5, 92.5, 67.0, 86.0, 86.0, 80.5], "bwt": -4.71, "fwt": 87.97}
{"task": 20, "acc": 82.81, "avg_acc": 90.95, "forgetting": 7.275, "acc_per_task": [95.5, 86.0, 73.0, 88.5, 88.0, 93.0, 70.0, 95.0, 84.0, 95.5, 83.5, 80.5, 62.0, 88.5, 51.0, 92.0, 68.0, 83.5, 84.0, 82.5, 95.0], "bwt": -4.89, "fwt": 87.42}
{"task": 21, "acc": 83.3, "avg_acc": 90.6, "forgetting": 7.142857, "acc_per_task": [96.5, 83.5, 75.0, 86.5, 85.5, 96.0, 73.5, 95.5, 83.5, 93.5, 77.0, 81.0, 58.0, 90.5, 54.5, 90.0, 68.5, 87.0, 85.0, 78.0, 96.5, 97.5], "bwt": -5.02, "fwt": 86.98}
{"task": 22, "acc": 82.13, "avg_acc": 90.23, "forgetting": 8.136364, "acc_per_task": [94.5, 71.5, 73.5, 84.0, 85.5, 95.0, 75.5, 94.5, 84.5, 92.0, 77.0, 78.5, 57.5, 89.0, 59.0, 90.0, 68.0, 85.0, 80.5, 77.0, 94.5, 97.0, 85.5], "bwt": -5.22, "fwt": 86.55}
{"task": 23, "acc": 82.19, "avg_acc": 89.9, "forgetting": 8.282609, "acc_per_task": [94.5, 69.0, 71.5, 85.5, 85.5, 93.5, 76.0, 94.5, 81.5, 90.5, 72.5, 78.0, 61.5, 88.0, 57.0, 90.5, 65.5, 86.0, 83.0, 78.5, 94.5, 97.0, 88.0, 90.5], "bwt": -5.41, "fwt": 86.15}
{"task": 24, "acc": 81.26, "avg_acc": 89.55, "forgetting": 8.729167, "acc_per_task": [93.0, 69.5, 74.5, 86.0, 86.5, 92.5, 74.5, 96.5, 78.5, 90.5, 70.5, 78.0, 56.5, 85.5, 50.0, 92.0, 68.0, 85.0, 79.0, 76.5, 93.0, 97.5, 87.0, 89.0, 82.0], "bwt": -5.61, "fwt": 85.76}
{"task": 25, "acc": 80.13, "avg_acc": 89.19, "forgetting": 9.52, "acc_per_task": [95.0, 68.0, 70.5, 83.0, 85.0, 92.5, 71.0, 95.0, 81.5, 96.0, 71.0, 78.0, 46.5, 82.5, 48.0, 89.0, 67.5, 84.0, 79.5, 78.0, 91.0, 96.5, 86.5, 89.5, 81.5, 77.0], "bwt": -5.84, "fwt": 85.34}
{"task": 26, "acc": 79.22, "avg_acc": 88.82, "forgetting": 10.673077, "acc_per_task": [94.0, 66.5, 62.5, 82.5, 85.5, 93.0, 66.0, 94.0, 85.0, 92.0, 67.5, 78.5, 38.5, 77.0, 46.5, 92.5, 63.0, 81.0, 82.0, 77.5, 91.0, 94.0, 87.5, 88.5, 81.5, 83.0, 88.5], "bwt": -6.14, "fwt": 84.86}
{"task": 27, "acc": 80.11, "avg_acc": 88.51, "forgetting": 9.666667, "acc_per_task": [92.5, 72.0, 63.5, 84.0, 85.0, 88.0, 66.0, 94.5, 84.0, 94.0, 72.0, 78.5, 43.5, 78.0, 47.0, 92.0, 67.5, 80.5, 79.0, 77.0, 91.5, 95.0, 86.5, 89.5, 79.5, 80.5, 91.0, 91.0], "bwt": -6.33, "fwt": 84.49}
{"task": 28, "acc": 80.62, "avg_acc": 88.24, "forgetting": 9.482143, "acc_per_task": [95.0, 69.0, 62.0, 83.5, 87.5, 89.0, 65.5, 95.5, 82.5, 93.5, 70.0, 80.5, 47.0, 79.5, 45.0, 90.0, 66.5, 80.0, 77.5, 77.5, 91.0, 94.5, 89.0, 88.5, 78.0, 83.5, 90.0, 89.5, 97.5], "bwt": -6.48, "fwt": 84.18}
{"task": 29, "acc": 81.28, "avg_acc": 88.01, "forgetting": 8.931034, "acc_per_task": [94.0, 70.5, 67.0, 84.5, 85.5, 88.0, 69.0, 94.5, 82.5, 90.5, 71.5, 79.5, 50.5, 79.5, 45.0, 88.0, 68.0, 82.5, 79.5, 78.5, 92.5, 95.5, 84.5, 87.5, 81.0, 81.0, 89.5, 91.0, 96.5, 91.0], "bwt": -6.57, "fwt": 83.97}
{"task": 30, "acc": 80.11, "avg_acc": 87.75, "forgetting": 8.95, "acc_per_task": [93.0, 72.5, 62.5, 85.0, 87.0, 88.0, 67.5, 92.5, 84.0, 89.5, 73.5, 77.5, 47.0, 82.0, 48.5, 90.5, 64.5, 84.0, 78.0, 73.5, 92.5, 96.5, 89.5, 85.5, 79.5, 80.5, 89.5, 90.0, 96.5, 88.5, 54.5], "bwt": -6.66, "fwt": 83.77}
{"task": 31, "acc": 79.34, "avg_acc": 87.49, "forgetting": 8.725806, "acc_per_task": [94.0, 76.0, 68.5, 86.5, 88.0, 87.5, 62.0, 92.5, 84.0, 90.5, 70.5, 76.5, 44.0, 83.0, 44.0, 91.5, 66.5, 85.5, 74.0, 72.5, 92.5, 97.0, 88.5, 88.0, 79.5, 84.0, 88.0, 89.5, 96.5, 88.5, 55.5, 54.0], "bwt": -6.72, "fwt": 83.55}
{"task": 32, "acc": 78.56, "avg_acc": 87.22, "forgetting": 8.796875, "acc_per_task": [93.0, 70.0, 72.0, 80.5, 87.0, 89.0, 59.0, 94.0, 84.0, 90.0, 65.5, 81.5, 47.0, 85.5, 45.0, 91.0, 66.0, 88.0, 75.5, 75.5, 91.5, 93.5, 91.5, 86.0, 79.5, 79.0, 89.5, 89.5, 96.0, 88.0, 50.5, 51.0, 68.0], "bwt": -6.79, "fwt": 83.26}
{"task": 33, "acc": 78.88, "avg_acc": 86.97, "forgetting": 8.666667, "acc_per_task": [94.0, 69.5, 70.0, 88.5, 87.5, 87.0, 63.5, 94.5, 81.0, 89.0, 67.0, 77.0, 48.5, 82.5, 47.0, 91.5, 64.5, 84.5, 67.5, 74.0, 92.0, 95.5, 91.5, 87.0, 80.0, 79.5, 89.5, 91.0, 96.0, 89.5, 51.0, 53.5, 67.5, 90.0], "bwt": -6.84, "fwt": 82.99}
{"task": 34, "acc": 78.59, "avg_acc": 86.73, "forgetting": 8.897059, "acc_per_task": [92.5, 76.0, 68.5, 90.0, 86.5, 85.5, 55.0, 93.5, 82.5, 91.5, 66.5, 74.0, 44.5, 84.0, 49.5, 91.5, 63.0, 82.0, 68.0, 72.5, 93.0, 97.5, 89.5, 86.5, 80.5, 80.0, 88.5, 89.0, 97.0, 86.5, 51.5, 50.5, 71.0, 85.5, 87.0], "bwt": -6.89, "fwt": 82.72}
{"task": 35, "acc": 78.68, "avg_acc": 86.51, "forgetting": 9.028571,