{"task": 0, "acc": 86.2, "avg_acc": 86.2, "forgetting": 0.0, "acc_per_task": [86.2], "bwt": 0.0, "fwt": 0.0}
{"task": 1, "acc": 85.26, "avg_acc": 85.73, "forgetting": 0.0, "acc_per_task": [84.92, 92.0], "bwt": 0.0, "fwt": 84.92}
{"task": 2, "acc": 83.69, "avg_acc": 85.05, "forgetting": 1.19, "acc_per_task": [83.82, 90.4, 74.4], "bwt": -0.79, "fwt": 86.38}
{"task": 3, "acc": 83.69, "avg_acc": 84.71, "forgetting": 1.533333, "acc_per_task": [83.6, 90.0, 79.6, 83.2], "bwt": -1.16, "fwt": 85.39}
{"task": 4, "acc": 82.58, "avg_acc": 84.28, "forgetting": 0.57, "acc_per_task": [82.72, 90.0, 77.6, 78.4, 81.6], "bwt": -0.93, "fwt": 84.11}
{"task": 5, "acc": 82.7, "avg_acc": 84.02, "forgetting": 2.956, "acc_per_task": [83.02, 89.2, 74.4, 79.6, 80.0, 84.0], "bwt": -1.26, "fwt": 83.15}
{"task": 6, "acc": 82.31, "avg_acc": 83.78, "forgetting": 2.836667, "acc_per_task": [82.38, 89.2, 76.8, 79.2, 78.0, 82.4, 86.8], "bwt": -1.46, "fwt": 82.63}
{"task": 7, "acc": 80.95, "avg_acc": 83.42, "forgetting": 3.485714, "acc_per_task": [81.4, 83.2, 75.2, 81.2, 79.6, 81.6, 86.4, 70.4], "bwt": -1.78, "fwt": 82.28}
{"task": 8, "acc": 80.77, "avg_acc": 83.13, "forgetting": 2.5575, "acc_per_task": [81.34, 87.2, 78.0, 79.2, 80.8, 80.0, 86.4, 67.6, 75.6], "bwt": -1.81, "fwt": 81.79}
{"task": 9, "acc": 79.61, "avg_acc": 82.78, "forgetting": 3.386667, "acc_per_task": [80.12, 83.2, 77.6, 80.4, 79.2, 78.0, 82.4, 72.4, 74.4, 78.8], "bwt": -2.01, "fwt": 81.16}
{"task": 10, "acc": 78.24, "avg_acc": 82.36, "forgetting": 4.014, "acc_per_task": [78.86, 83.6, 79.2, 75.6, 78.8, 76.0, 83.2, 70.4, 73.6, 79.2, 70.4], "bwt": -2.28, "fwt": 80.56}
{"task": 11, "acc": 78.49, "avg_acc": 82.04, "forgetting": 3.492727, "acc_per_task": [79.38, 83.6, 79.6, 76.8, 80.0, 76.8, 82.0, 68.0, 77.2, 78.4, 69.2, 74.0], "bwt": -2.37, "fwt": 80.02}
{"task": 12, "acc": 78.21, "avg_acc": 81.75, "forgetting": 3.886667, "acc_per_task": [79.16, 84.4, 80.4, 78.0, 79.2, 75.2, 83.2, 64.0, 74.8, 78.4, 67.6, 72.8, 81.6], "bwt": -2.51, "fwt": 79.47}
{"task": 13, "acc": 78.33, "avg_acc": 81.5, "forgetting": 4.078462, "acc_per_task": [79.18, 82.8, 77.6, 76.8, 77.2, 73.6, 81.6, 64.4, 79.2, 77.6, 70.0, 73.6, 82.4, 84.4], "bwt": -2.63, "fwt": 79.06}
{"task": 14, "acc": 78.21, "avg_acc": 81.28, "forgetting": 3.297143, "acc_per_task": [78.44, 83.2, 78.8, 78.4, 76.8, 75.6, 80.8, 69.6, 77.6, 78.8, 69.2, 74.4, 81.2, 84.8, 81.2], "bwt": -2.62, "fwt": 78.88}
{"task": 15, "acc": 77.95, "avg_acc": 81.07, "forgetting": 3.798667, "acc_per_task": [78.82, 82.0, 78.0, 76.0, 76.0, 74.4, 81.2, 70.8, 76.0, 77.6, 71.6, 72.0, 81.6, 83.2, 80.0, 71.6], "bwt": -2.66, "fwt": 78.68}
{"task": 16, "acc": 76.61, "avg_acc": 80.81, "forgetting": 5.26, "acc_per_task": [77.64, 81.6, 74.4, 75.6, 72.4, 77.6, 74.8, 69.6, 76.0, 74.4, 63.2, 74.8, 80.8, 82.4, 78.8, 68.8, 80.0], "bwt": -2.87, "fwt": 78.27}
{"task": 17, "acc": 77.01, "avg_acc": 80.6, "forgetting": 5.038824, "acc_per_task": [78.14, 82.8, 72.0, 76.4, 75.2, 75.2, 78.0, 70.4, 75.2, 74.4, 66.8, 72.0, 78.0, 84.0, 76.4, 70.4, 78.4, 80.8], "bwt": -3.01, "fwt": 77.96}
{"task": 18, "acc": 76.68, "avg_acc": 80.39, "forgetting": 5.325556, "acc_per_task": [77.54, 83.6, 69.6, 76.0, 74.4, 74.8, 76.4, 73.2, 71.6, 73.6, 69.6, 71.6, 82.4, 82.8, 76.0, 64.0, 78.4, 79.2, 86.0], "bwt": -3.17, "fwt": 77.68}
{"task": 19, "acc": 75.87, "avg_acc": 80.17, "forgetting": 5.684211, "acc_per_task": [77.0, 84.8, 67.2, 77.6, 74.8, 75.2, 77.2, 70.4, 73.2, 76.0, 62.8, 70.4, 81.2, 81.2, 76.4, 65.2, 74.4, 79.2, 83.2, 68.4], "bwt": -3.34, "fwt": 77.42}
{"task": 20, "acc": 75.77, "avg_acc": 79.96, "forgetting": 5.693, "acc_per_task": [76.74, 85.6, 70.0, 75.6, 77.6, 78.0, 80.0, 72.4, 73.6, 73.2, 62.4, 60.0, 78.0, 80.8, 74.0, 65.6, 78.0, 78.4, 85.2, 70.0, 77.6], "bwt": -3.49, "fwt": 77.17}
{"last": 75.77, "avg": 79.96}
