{"task": 0, "acc": 99.8, "avg_acc": 99.8, "forgetting": 0.0, "acc_per_task": [99.8], "bwt": 0.0, "fwt": 0.0}
{"task": 1, "acc": 97.7, "avg_acc": 98.75, "forgetting": 0.0, "acc_per_task": [99.0, 96.4], "bwt": 0.0, "fwt": 99.0}
{"task": 2, "acc": 95.8, "avg_acc": 97.77, "forgetting": 0.5, "acc_per_task": [98.8, 94.8, 93.8], "bwt": -0.33, "fwt": 97.53}
{"task": 3, "acc": 93.7, "avg_acc": 96.75, "forgetting": 1.533333, "acc_per_task": [97.2, 94.4, 90.0, 93.2], "bwt": -0.93, "fwt": 95.7}
{"task": 4, "acc": 88.2, "avg_acc": 95.04, "forgetting": 6.5, "acc_per_task": [91.4, 85.6, 87.0, 90.4, 86.6], "bwt": -3.16, "fwt": 92.86}
{"task": 5, "acc": 81.63, "avg_acc": 92.81, "forgetting": 8.36, "acc_per_task": [86.4, 82.2, 86.4, 86.4, 80.6, 67.8], "bwt": -4.89, "fwt": 90.04}
{"task": 6, "acc": 84.03, "avg_acc": 91.55, "forgetting": 6.533333, "acc_per_task": [89.0, 86.6, 85.0, 91.0, 79.0, 74.8, 82.8], "bwt": -5.36, "fwt": 88.38}
{"task": 7, "acc": 82.05, "avg_acc": 90.36, "forgetting": 6.342857, "acc_per_task": [81.8, 84.2, 88.0, 88.8, 82.0, 68.4, 81.4, 81.8], "bwt": -5.61, "fwt": 86.81}
{"task": 8, "acc": 82.98, "avg_acc": 89.54, "forgetting": 7.025, "acc_per_task": [80.0, 82.6, 90.2, 89.2, 79.8, 69.2, 80.2, 79.2, 96.4], "bwt": -5.73, "fwt": 85.58}
{"task": 9, "acc": 82.42, "avg_acc": 88.83, "forgetting": 7.288889, "acc_per_task": [79.2, 85.4, 85.8, 87.2, 76.8, 68.6, 80.8, 79.8, 94.4, 86.2], "bwt": -5.88, "fwt": 84.87}
{"task": 10, "acc": 79.29, "avg_acc": 87.96, "forgetting": 10.26, "acc_per_task": [76.8, 82.4, 77.0, 85.4, 70.0, 57.8, 80.0, 80.8, 92.8, 81.4, 87.8], "bwt": -6.55, "fwt": 83.7}
{"task": 11, "acc": 80.73, "avg_acc": 87.36, "forgetting": 8.872727, "acc_per_task": [78.4, 81.6, 84.6, 84.8, 70.8, 62.6, 77.0, 78.2, 93.6, 82.6, 81.0, 93.6], "bwt": -6.83, "fwt": 83.01}
{"task": 12, "acc": 78.78, "avg_acc": 86.7, "forgetting": 8.733333, "acc_per_task": [79.0, 81.0, 83.2, 88.4, 63.4, 67.2, 78.2, 75.2, 95.6, 80.8, 82.8, 92.2, 57.2], "bwt": -7.04, "fwt": 82.64}
{"task": 13, "acc": 79.31, "avg_acc": 86.17, "forgetting": 8.353846, "acc_per_task": [79.2, 81.2, 82.8, 86.2, 65.8, 66.6, 78.4, 69.6, 95.6, 82.8, 84.8, 91.6, 58.0, 87.8], "bwt": -7.15, "fwt": 82.07}
{"task": 14, "acc": 79.25, "avg_acc": 85.71, "forgetting": 8.728571, "acc_per_task": [75.0, 81.4, 81.0, 84.8, 65.4, 65.6, 81.0, 72.0, 89.2, 80.0, 83.0, 92.8, 57.0, 91.4, 89.2], "bwt": -7.29, "fwt": 81.6}
{"task": 15, "acc": 78.77, "avg_acc": 85.28, "forgetting": 8.186667, "acc_per_task": [79.4, 81.4, 75.2, 86.0, 62.2, 66.6, 81.4, 71.6, 88.6, 81.6, 84.6, 93.2, 54.8, 89.6, 86.0, 78.2], "bwt": -7.34, "fwt": 81.25}
{"task": 16, "acc": 78.75, "avg_acc": 84.89, "forgetting": 8.525, "acc_per_task": [80.0, 80.8, 80.0, 85.4, 61.2, 62.0, 82.4, 71.2, 88.2, 78.6, 83.0, 93.6, 51.6, 90.0, 87.4, 77.6, 85.8], "bwt": -7.39, "fwt": 80.9}
{"task": 17, "acc": 77.73, "avg_acc": 84.5, "forgetting": 9.211765, "acc_per_task": [77.8, 81.8, 77.6, 83.6, 62.6, 58.8, 82.2, 69.2, 86.2, 75.2, 81.0, 93.6, 50.4, 91.0, 85.4, 77.0, 80.8, 85.0], "bwt": -7.52, "fwt": 80.5}
{"task": 18, "acc": 77.16, "avg_acc": 84.11, "forgetting": 10.211111, "acc_per_task": [80.6, 79.8, 70.0, 84.4, 55.6, 60.2, 82.6, 73.8, 83.8, 74.0, 83.4, 89.6, 49.8, 88.4, 85.4, 74.8, 75.8, 85.6, 88.4], "bwt": -7.74, "fwt": 80.09}
{"task": 19, "acc": 76.2, "avg_acc": 83.72, "forgetting": 10.115789, "acc_per_task": [78.6, 80.4, 73.4, 83.8, 53.6, 51.2, 80.8, 73.8, 85.2, 74.2, 83.0, 91.8, 46.6, 88.0, 86.4, 74.6, 79.2, 84.0, 84.8, 70.6], "bwt": -7.92, "fwt": 79.73}
{"last": 76.2, "avg": 83.72}
