{"task": 0, "acc": 85.46, "avg_acc": 85.46, "forgetting": 0.0, "acc_per_task": [85.46], "bwt": 0.0, "fwt": 0.0}
{"task": 1, "acc": 83.91, "avg_acc": 84.68, "forgetting": 0.0, "acc_per_task": [83.6, 87.0], "bwt": 0.0, "fwt": 83.6}
{"task": 2, "acc": 82.85, "avg_acc": 84.07, "forgetting": 1.39, "acc_per_task": [82.68, 84.8, 82.6], "bwt": -0.93, "fwt": 83.69}
{"task": 3, "acc": 82.05, "avg_acc": 83.57, "forgetting": 2.993333, "acc_per_task": [82.28, 81.2, 79.0, 83.6], "bwt": -1.96, "fwt": 82.26}
{"task": 4, "acc": 80.69, "avg_acc": 82.99, "forgetting": 2.635, "acc_per_task": [80.92, 84.8, 78.8, 79.8, 77.0], "bwt": -2.23, "fwt": 81.79}
{"task": 5, "acc": 79.56, "avg_acc": 82.42, "forgetting": 3.304, "acc_per_task": [80.14, 82.8, 80.0, 79.2, 74.6, 75.4], "bwt": -2.59, "fwt": 80.97}
{"task": 6, "acc": 79.0, "avg_acc": 81.93, "forgetting": 3.93, "acc_per_task": [79.48, 83.4, 77.4, 77.4, 74.4, 74.4, 82.2], "bwt": -2.97, "fwt": 80.05}
{"task": 7, "acc": 78.24, "avg_acc": 81.47, "forgetting": 4.288571, "acc_per_task": [78.44, 80.2, 78.4, 76.4, 75.4, 72.2, 81.6, 81.4], "bwt": -3.3, "fwt": 79.42}
{"task": 8, "acc": 77.47, "avg_acc": 81.02, "forgetting": 4.6825, "acc_per_task": [78.0, 79.0, 77.0, 74.4, 75.2, 71.6, 80.6, 81.0, 75.6], "bwt": -3.61, "fwt": 78.9}
{"task": 9, "acc": 76.94, "avg_acc": 80.61, "forgetting": 5.033333, "acc_per_task": [77.56, 77.6, 76.6, 74.0, 74.8, 70.2, 79.6, 79.0, 73.2, 81.2], "bwt": -3.89, "fwt": 78.29}
{"task": 10, "acc": 76.35, "avg_acc": 80.23, "forgetting": 4.688, "acc_per_task": [76.98, 78.6, 77.0, 76.0, 73.0, 70.4, 77.0, 79.0, 75.4, 79.6, 71.2], "bwt": -4.04, "fwt": 77.93}
{"last": 76.35, "avg": 80.23}
